model,outcome,country,term,estimate,std.error,conf.low,conf.high,or,or_low,or_high
by_country,w1gq13,AT,clusterMid,-1.3701955750787937,0.27454839954759613,-1.9083005502051948,-0.8320905999523925,0.25405726742359314,0.14833225573693795,0.4351386339408982
by_country,w1gq13,AT,clusterHigh,-3.0820571368387593,0.3348491071232353,-3.738349327055695,-2.4257649466218236,0.045864809347927624,0.023793345766127426,0.08841046388341228
by_country,w1gq13,AT,gndrFemale,0.06793341949645368,0.24225071901374115,-0.40686926499941134,0.5427361039923188,1.0702940453899499,0.6657312189838556,1.7207084645146615
by_country,w1gq13,AT,age,0.017425597516976456,0.005987867510752262,0.005689592851704521,0.029161602182248392,1.0175783089813137,1.0057058093255706,1.0295909651786306
by_country,w1gq13,AT,eisced,-0.17666890367756793,0.06589091846553644,-0.3058127307782845,-0.047525076576851344,0.838057216254436,0.7365245349184649,0.9535865601461397
by_country,w1gq13,AT,hinctnta,0.10100846557141871,0.05384745668035525,-0.004530610181158301,0.20654754132399572,1.1062860070669844,0.9954796375511471,1.2294261813761413
by_country,w1gq13,AT,w1xq3,0.07400811617996685,0.08507337710035551,-0.0927326389799245,0.24074887133985817,1.076815545089509,0.9114371504896966,1.2722015089284249
by_country,w1gq13,AT,hincfel,0.6023885907024763,0.17051844111745215,0.2681785874123563,0.9365985939925963,1.8264762984838852,1.307580636606878,2.5512886743109227
by_country,w1gq13,AT,1|2,-1.6737862737890468,0.8550305555579297,-3.349615368363862,0.002042820785768784,0.18753565834952668,0.03509785124891435,1.0020449087656977
by_country,w1gq13,AT,2|3,0.13865477342668187,0.8796430684507164,-1.5854139599870234,1.8627235068403871,1.1487274602974662,0.2048629704888165,6.441255708110035
by_country,w1gq13,AT,3|4,1.292956849315044,0.8740833829531224,-0.4202151007580073,3.0061287993880956,3.643544054505602,0.6569055037452101,20.209015149722628
by_country,w1gq13,AT,4|5,3.2964519641583214,0.8515875157288267,1.6273711036458847,4.965532824670758,27.01661275887267,5.09047478213663,143.38492895087498
by_country,w1gq13,BE,clusterMid,-0.5568924215624248,0.20552213503052608,-0.9597084042480336,-0.154076438876816,0.5729869017736581,0.38300455219402685,0.85720649460546
by_country,w1gq13,BE,clusterHigh,-1.5513754361532457,0.2594022674252668,-2.0597945378147964,-1.0429563344916952,0.21195624096604274,0.12748015955638864,0.35241129475197414
by_country,w1gq13,BE,gndrFemale,-0.18019009175356165,0.18272951743003749,-0.5383333648288191,0.1779531813216958,0.8351114485223231,0.5837202908991368,1.1947693824019576
by_country,w1gq13,BE,age,0.0011813042351903576,0.004764757866942465,-0.008157449579070762,0.010520058049451478,1.0011820022498672,0.9918757321254186,1.0105755884168646
by_country,w1gq13,BE,eisced,-0.01681859681964391,0.06425906163492548,-0.14276404330443734,0.10912684966514953,0.9833220462032382,0.866958609451859,1.1153038172845036
by_country,w1gq13,BE,hinctnta,-0.07426161235188276,0.03855980509909185,-0.1498374415969867,0.0013142168932211706,0.9284287736321835,0.8608479031119876,1.0013150808546785
by_country,w1gq13,BE,w1xq3,0.25810098792112596,0.08249901275224426,0.0964058941666166,0.4197960816756353,1.2944695378111817,1.1012059463642427,1.5216512314099362
by_country,w1gq13,BE,hincfel,0.3420158144892674,0.20029855752616096,-0.0505621444173322,0.734593773395867,1.4077825607002588,0.9506948464592372,2.0846349862871096
by_country,w1gq13,BE,1|2,-1.949825157036415,0.6420073880604554,-3.2081365154435373,-0.6915137986292923,0.1422989493816214,0.04043188731183717,0.5008173583127543
by_country,w1gq13,BE,2|3,-0.35218643493029056,0.5984574076589899,-1.5251414002231156,0.8207685303625345,0.7031490182173653,0.21759028737469516,2.272245456290268
by_country,w1gq13,BE,3|4,0.9619934905985488,0.5894598777381169,-0.1933266400995437,2.117313621296641,2.616908058686357,0.8242127092437536,8.308786931835943
by_country,w1gq13,BE,4|5,2.2823904996983093,0.6047423446139076,1.0971172843287407,3.4676637150678777,9.800079517736078,2.9955183378687837,32.06174949417292
by_country,w1gq13,CZ,clusterMid,-0.8863524935081953,0.2684707366633226,-1.4125454682712446,-0.36015951874514607,0.41215635734519573,0.2435226144539038,0.6975650424951223
by_country,w1gq13,CZ,clusterHigh,-1.7558815999654567,0.2804395174927445,-2.3055329540930263,-1.206230245837887,0.17275487444649693,0.09970564795772643,0.29932353137786527
by_country,w1gq13,CZ,gndrFemale,0.01800800075223261,0.21860624415750626,-0.41045236459204915,0.4464683660965144,1.0181711224920877,0.6633501061540265,1.5627832498395469
by_country,w1gq13,CZ,age,0.0022362969075445656,0.007155524437905206,-0.011788273281245848,0.01626086709633498,1.0022387992844788,0.9882809361918916,1.0163937945233787
by_country,w1gq13,CZ,eisced,-0.024864757035205257,0.06312190062713993,-0.14858140890011573,0.09885189482970523,0.975441824752362,0.861929835554351,1.1039027937398964
by_country,w1gq13,CZ,hinctnta,0.012581960529024081,0.04839301460840776,-0.08226660520677581,0.10743052626482397,1.0126614464073063,0.9210263755336332,1.113413505064481
by_country,w1gq13,CZ,w1xq3,0.23539205397127616,0.09302536006652905,0.053065698592008714,0.4177184093505436,1.2654047784639146,1.0544989219380823,1.5184930207575218
by_country,w1gq13,CZ,hincfel,0.5661902414329039,0.15338100111385805,0.26556900333704425,0.8668114795287635,1.7615431971489999,1.3041728433957527,2.379312259978029
by_country,w1gq13,CZ,1|2,-2.2015734603241346,0.8479587205524727,-3.863542012983645,-0.5396049076646243,0.1106289510789278,0.020993508397338153,0.5829785372308516
by_country,w1gq13,CZ,2|3,0.4170703018609583,0.8685430781180771,-1.285242850272031,2.1193834539939473,1.5175091929054232,0.2765834071197281,8.326002541271796
by_country,w1gq13,CZ,3|4,2.000161480589017,0.8738964128317466,0.28735598522004735,3.712966975957986,7.390249384405412,1.3328986212385723,40.97519878365078
by_country,w1gq13,CZ,4|5,3.005690005842994,0.88806648082879025,1.2651116875413353,4.746268324144653,20.200149509557157,3.5434884775246824,115.15376522220402
by_country,w1gq13,FI,clusterMid,-1.303910007603139,0.15003566146252667,-1.5979745004663353,-1.0098455147399426,0.2714682721933784,0.2023058737326768,0.3642752503816937
by_country,w1gq13,FI,clusterHigh,-2.6082610935121613,0.17387637018719357,-2.9490525168416144,-2.267469670182708,0.07366252469947825,0.052389320439068854,0.1035739249836638
by_country,w1gq13,FI,gndrFemale,-0.12376211154381364,0.12401866254078303,-0.36683422353457507,0.11931000044694776,0.8835900117469447,0.6929245060989262,1.1267191475942746
by_country,w1gq13,FI,age,-0.007159754426829312,0.0033172833058915355,-0.013661510232892688,-6.579986207659368e-4,0.9928658155535772,0.9864313846885611,0.9993422178128529
by_country,w1gq13,FI,eisced,-0.14120943431313832,0.045884381412800566,-0.2311411693351265,-0.05127769929115014,0.8683074392810316,0.7936274222713168,0.9500148154571043
by_country,w1gq13,FI,hinctnta,0.05011643128418566,0.031114884196848328,-0.010867621124771541,0.11110048369314285,1.0513935043457225,0.9891912181292171,1.1175071924627398
by_country,w1gq13,FI,w1xq3,0.25970260137302364,0.05271237740001914,0.15638824012950306,0.36301696261654426,1.2965444387871303,1.1692800764265436,1.437660245513847
by_country,w1gq13,FI,hincfel,0.39559410276115514,0.11970436251534576,0.16097786343875103,0.6302103420835592,1.4852663296819455,1.174658965615923,1.878005561324917
by_country,w1gq13,FI,1|2,-2.6302649319914586,0.44469416666577705,-3.5018494827914335,-1.7586803811914835,0.07205936887755669,0.030141585495890102,0.1722720473261039
by_country,w1gq13,FI,2|3,-0.561517588778718,0.4320664589718189,-1.4083522872912357,0.28531710973379965,0.5703428608194588,0.24454589274522998,1.3301837754707888
by_country,w1gq13,FI,3|4,0.8897503578306547,0.4378456824992873,0.03158858934569242,1.747912126315617,2.4345218161148923,1.0320928039719939,5.742600326569257
by_country,w1gq13,FI,4|5,2.1683589850467424,0.44668218538356574,1.2928779891593098,3.043839980934175,8.743923351940326,3.6432567353832037,20.985673296659826
by_country,w1gq13,FR,clusterMid,-0.8523607367645489,0.2911249134078925,-1.42295508204636,-0.28176639148273785,0.42640710787688424,0.2410007864915578,0.7544499098732114
by_country,w1gq13,FR,clusterHigh,-1.7094003230349877,0.2809213143253159,-2.2599959816022626,-1.1588046644677128,0.18097428619401143,0.10435090407735936,0.3138611261015224
by_country,w1gq13,FR,gndrFemale,-0.058918303974176384,0.23971387986792803,-0.5287488751096764,0.41091226716132356,0.9427837876996685,0.589341848874319,1.5081930326975383
by_country,w1gq13,FR,age,0.010422734810008724,0.007183767479566632,-0.003657190723251949,0.024502660343269398,1.0104772407127343,0.9963494886536751,1.024805317437501
by_country,w1gq13,FR,eisced,-0.06465858363919523,0.08842957311466725,-0.23797736211219445,0.10866019483380397,0.9373874481614903,0.7882205345398277,1.1147834767888953
by_country,w1gq13,FR,hinctnta,0.05558427482435077,0.056407146910682035,-0.05497170159124576,0.1661402512399473,1.0571581051320509,0.9465119323560567,1.1807386901763626
by_country,w1gq13,FR,w1xq3,0.15901116510082153,0.10971405919280547,-0.05602443951477279,0.3740467697164158,1.172351036025161,0.9455160276550946,1.4536051335669422
by_country,w1gq13,FR,hincfel,0.7435817369733487,0.20203117295796108,0.3476079142213626,1.1395555597253348,2.103456064496392,1.4156770740610094,3.125379012160208
by_country,w1gq13,FR,1|2,-0.855072363265971,0.8992430859926421,-2.6175564251582037,0.9074116986262618,0.4252524173150634,0.0729809796036593,2.477900672399819
by_country,w1gq13,FR,2|3,0.7517410690409266,0.91917309013934545,-1.0498050831905785,2.553287221272432,2.120689070317946,0.35000596450865606,12.849272838191224
by_country,w1gq13,FR,3|4,2.1999275386709622,0.9089954454917679,0.41832920339615565,3.9815258739457686,9.024359558654364,1.5194207905621966,53.598756808996484
by_country,w1gq13,FR,4|5,3.275729607392705,0.9230301628510738,1.46662373156046,5.08483548322495,26.462525693293156,4.334575716721165,161.55335881360654
by_country,w1gq13,HU,clusterMid,-0.654541585566351,0.43405277473725584,-1.5052693914410493,0.19618622030834731,0.519680236913086,0.22195749232859438,1.2167534684444117
by_country,w1gq13,HU,clusterHigh,-0.48876118449037365,0.6625204573963339,-1.7872774200081911,0.8097550510274438,0.6133857955451112,0.16741535143762848,2.247357431356467
by_country,w1gq13,HU,gndrFemale,-0.16786483181938186,0.4288877267576529,-1.008469329675637,0.6727396660368733,0.8454681073473116,0.36477690564663356,1.9595986189813823
by_country,w1gq13,HU,age,0.0031896482643699224,0.012161735084181072,-0.020646914490142176,0.02702621101888202,1.0031947406052144,0.979564773643321,1.0273947314732794
by_country,w1gq13,HU,eisced,-0.22884362117498705,0.18685007785234853,-0.5950630442740953,0.13737580192412122,0.7954529157717857,0.5515277941023383,1.1472592097369927
by_country,w1gq13,HU,hinctnta,-0.0719648834479194,0.09146142864190646,-0.25122598956063613,0.10729622266479735,0.9305635734216302,0.7778465664908469,1.113263979663557
by_country,w1gq13,HU,w1xq3,0.2716452140619474,0.17608943835003368,-0.07348374316200473,0.6167741712858996,1.312121396500476,0.929151250730096,1.8529411199753916
by_country,w1gq13,HU,hincfel,-0.32888581497188374,0.3709534347876039,-1.0559411870970148,0.3981695571532473,0.7197251938967871,0.34786486725816435,1.4890964954656838
by_country,w1gq13,HU,1|2,-4.409106877711354,1.605750071912371,-7.5563191868322015,-1.2618945685905056,0.012166039239942314,5.227960211840533e-4,0.28311713324173826
by_country,w1gq13,HU,2|3,-2.8249801852768206,1.4752589196127766,-5.7164345355893325,0.0664741650356917,0.059309832025699005,0.0032914254663635573,1.0687333530304792
by_country,w1gq13,HU,3|4,-0.9920751564123236,1.4622604822242682,-3.8580530375880606,1.8739027247634132,0.3708064107714218,0.021109058082974058,6.51366791112701
by_country,w1gq13,HU,4|5,-0.09879714322715172,1.470307807458648,-2.9805474920341535,2.78295320557985,0.9059264627036395,0.0507650328040895,16.1666940902797
by_country,w1gq13,PL,clusterMid,-0.9017066766539709,0.23125083055946116,-1.3549499759454893,-0.44846337736245256,0.4058763685743126,0.257960198344094,0.6386086986463307
by_country,w1gq13,PL,clusterHigh,-1.6255171661574683,0.3052961538329821,-2.223886632288713,-1.0271477000262235,0.1968098654783096,0.10818780441376326,0.35802670513075596
by_country,w1gq13,PL,gndrFemale,0.19298169133879192,0.22980577050504733,-0.2574293422905778,0.6433927249681616,1.21286058746225,0.7730362453542294,1.9029260444899343
by_country,w1gq13,PL,age,-0.0064180505044923175,0.007223682182566056,-0.020576207418085475,0.007740106409100842,0.9936025011908686,0.979634038249075,1.0077701384664828
by_country,w1gq13,PL,eisced,-0.1114158464133278,0.060842079128060174,-0.23066413024886184,0.007832437422206254,0.894566669229507,0.7940061038874565,1.0078631912001053
by_country,w1gq13,PL,hinctnta,0.019052246649114885,0.05326798869486838,-0.08535109272171387,0.12345558601994364,1.0192348988344482,0.9181898580276878,1.1313997534600757
by_country,w1gq13,PL,w1xq3,0.08424087454363119,0.08668273024319528,-0.08565415481463245,0.25413590390189483,1.087890907477207,0.917911631649681,1.2893470196521746
by_country,w1gq13,PL,hincfel,-0.08418909286113782,0.23152833959488403,-0.5379762998674694,0.3695981141451937,0.9192574146448967,0.5839287541774971,1.447152907497948
by_country,w1gq13,PL,1|2,-4.76699202959423,0.8943994826343956,-6.519982803348903,-3.014001255839558,0.00850592729575601,0.001473694444745283,0.0490948441983117
by_country,w1gq13,PL,2|3,-2.773162075544681,0.8355120248833265,-4.410735552966134,-1.1355885981232277,0.062464175689418595,0.012146240839842106,0.3212329885440732
by_country,w1gq13,PL,3|4,-1.3385612764770667,0.8322000585815899,-2.9696434192291052,0.2925208662749721,0.26222266323359933,0.05132160736785845,1.3398006929218849
by_country,w1gq13,PL,4|5,-0.06396563783220133,0.8440279201284331,-1.7182299632301792,1.5902986875657765,0.9380372319697045,0.17938338225292585,4.905213835921154
by_country,w1gq13,PT,clusterMid,-0.0750463878423375,0.34732731897518554,-0.7557954238805563,0.6057026481958813,0.927700451308138,0.46963690571170913,1.8325393871103208
by_country,w1gq13,PT,clusterHigh,-0.6305478684692057,0.34383612160734195,-1.3044542834035302,0.04335854646511861,0.5323000906689128,0.27132055878431294,1.0443122622026495
by_country,w1gq13,PT,gndrFemale,-0.11547163911049728,0.29671688261917883,-0.6970260426490864,0.4660827644280918,0.890945839895288,0.4980643254896105,1.593738898778604
by_country,w1gq13,PT,age,-0.040487125428048436,0.010524129660209955,-0.061114040530689695,-0.019860210325407173,0.9603215281604354,0.9407159539120452,0.9803357045378857
by_country,w1gq13,PT,eisced,-0.20003029436709524,0.06898553032017933,-0.3352394492490426,-0.06482113948514787,0.8187059505236867,0.7151668196906263,0.9372350827361499
by_country,w1gq13,PT,hinctnta,-0.024167335223319833,0.06559558839874345,-0.15273232602957038,0.1043976555829307,0.9761223564384063,0.8583594515461381,1.1100417814734713
by_country,w1gq13,PT,w1xq3,-0.093241028605023,0.14788907987368582,-0.3830982988642145,0.19661624165416852,0.9109739030635287,0.6817458811463414,1.217276810924599
by_country,w1gq13,PT,hincfel,0.21149742734089566,0.21123802534204564,-0.20252149449487294,0.6255163491766642,1.2355267870353739,0.8166689285233565,1.8692108737895936
by_country,w1gq13,PT,1|2,-5.176860365780607,1.0957067962362574,-7.324406224019439,-3.0293145075417756,0.0056457040634643975,6.592509946187664e-4,0.0483487694859688
by_country,w1gq13,PT,2|3,-3.2347162673197305,1.0588817533729766,-5.310086367817388,-1.1593461668220728,0.03937137430103118,0.004941499912686894,0.31369121557042445
by_country,w1gq13,PT,3|4,-2.058498564054506,1.0338628050030825,-4.084832426816104,-0.03216470129290805,0.12764547759891565,0.01682595865919827,0.9683470809283227
by_country,w1gq13,PT,4|5,-1.171461936671563,1.0324367673867307,-3.1950008170645123,0.852076943721386,0.30991353595808485,0.040966491903802534,2.3445112165224975
by_country,w1gq13,SI,clusterMid,-0.45085781295935434,0.1654397708187584,-0.7751138053746813,-0.1266018205440273,0.6370814204601265,0.4606513534158791,0.8810844324798238
by_country,w1gq13,SI,clusterHigh,-1.276991325493007,0.19925287186808296,-1.6675197781706237,-0.8864628728153903,0.2788750838678855,0.1887145396001831,0.41211086632269595
by_country,w1gq13,SI,gndrFemale,-0.2130496993731505,0.15157897418000751,-0.5101390295794919,0.08403963083319094,0.8081159733611285,0.6004120979677448,1.0876719983022183
by_country,w1gq13,SI,age,-0.01145548843612627,0.004536789946725085,-0.020347433337130825,-0.0025635435351217158,0.9886098758402061,0.9798581787636399,0.9974397395365749
by_country,w1gq13,SI,eisced,-0.04200319926088614,0.060290478996980534,-0.1601703667056365,0.07616396818386424,0.9588667129028078,0.8519986244021119,1.079139504196078
by_country,w1gq13,SI,hinctnta,-0.01168753031417135,0.036141663637828864,-0.08252388938567679,0.05914882875733408,0.9883805035609786,0.9207894404999827,1.0609331263497173
by_country,w1gq13,SI,w1xq3,0.09067168545740745,0.06488324699058018,-0.03649714184414651,0.2178405127589614,1.094909471539292,0.9641608496143619,1.2433887471638676
by_country,w1gq13,SI,hincfel,0.19880166153399745,0.12849118550523905,-0.05303643438712605,0.45063975745512097,1.219939980878774,0.9483454594672436,1.5693158459181815
by_country,w1gq13,SI,1|2,-3.4148046834223575,0.5564166988932823,-4.505361373649858,-2.3242479931948568,0.03288282863589028,0.011049596432291834,0.09785700552260385
by_country,w1gq13,SI,2|3,-1.739211697358555,0.5443658830876599,-2.80614922262271,-0.6722741720944001,0.1756588183628001,0.060437275363048645,0.5105461866581854
by_country,w1gq13,SI,3|4,-0.362519282022018,0.5482359327400543,-1.4370419652232478,0.7120034011792118,0.6959208947872546,0.23762963681005286,2.038070243690263
by_country,w1gq13,SI,4|5,0.8365082200855842,0.5484585172185251,-0.23845072067696593,1.9114671608481344,2.308292837858887,0.7878475118925722,6.763003937793953
by_country,w1gq14,AT,clusterMid,-0.8051248236561529,0.30783488622403415,-1.408470113840245,-0.2017795334720609,0.4470321228926228,0.2445170804440738,0.8172750898831058
by_country,w1gq14,AT,clusterHigh,-1.8595921571635958,0.3558262519044386,-2.556998795650172,-1.1621855186770196,0.1557361332838415,0.07753709626582635,0.3128017991162771
by_country,w1gq14,AT,gndrFemale,-0.16845711811231517,0.2550406019622461,-0.6683275125537329,0.3314132763291025,0.8449674964433405,0.5125651200374576,1.3929353405739948
by_country,w1gq14,AT,age,0.013123460913357369,0.006128542314614412,0.0011117386989833843,0.02513518312773135,1.013209951464182,1.0011123569095257,1.025453735198303
by_country,w1gq14,AT,eisced,-0.10395359496683697,0.08927176687994046,-0.27892304288777586,0.07101585295410191,0.9012671197813955,0.7565981265816035,1.0735982454371606
by_country,w1gq14,AT,hinctnta,-0.03082209739688315,0.05768277738805125,-0.143878263605705,0.08223406881193868,0.9696480606466733,0.8659931645278982,1.0857099109187778
by_country,w1gq14,AT,w1xq3,0.06546737025380718,0.09452237895718195,-0.11979308823531608,0.2507278287429304,1.0676578993388477,0.8871039699767934,1.2849603074715816
by_country,w1gq14,AT,hincfel,0.1819175848680688,0.16316080875555694,-0.13787172398125025,0.5017068937173879,1.1995153315917433,0.87121043998507,1.6515378658092155
by_country,w1gq14,AT,1|2,-1.2716833181997567,0.7681744196982868,-2.7772775146533544,0.23391087825384105,0.28035929045186375,0.06220763642583469,1.2635318790223244
by_country,w1gq14,AT,2|3,1.2268135544916134,0.7928336063175401,-0.3271117596237727,2.7807388686069996,3.4103453249830618,0.7210031594818549,16.130935187568372
by_country,w1gq14,AT,3|4,2.5470053259651673,0.8195053489288102,0.9408043569267694,4.1532062950035655,12.768808051739107,2.5620413854788637,63.63771482625124
by_country,w1gq14,AT,4|5,4.191402677918365,0.9149224552359779,2.398187617008889,5.984617738827842,66.115464651874575,11.003216256419767,397.27063108324285
by_country,w1gq14,BE,clusterMid,-1.0217944230811462,0.17644418372330842,-1.367618668460399,-0.6759701777018934,0.35994846049198737,0.2547127935294998,0.508662687944437
by_country,w1gq14,BE,clusterHigh,-1.694952615404279,0.2427126441414165,-2.1706606565139417,-1.2192445742946163,0.18360792900908093,0.11410220963637427,0.2954532756415334
by_country,w1gq14,BE,gndrFemale,-0.1871640573926589,0.1656071855131238,-0.511748176579425,0.1374200617941071,0.8293076711702126,0.5994467235645468,1.1473099884041762
by_country,w1gq14,BE,age,0.010020872045545231,0.0045147740032185244,0.0011720776008992025,0.01886966649019126,1.0100712491172703,1.0011727647522892,1.0190488237519646
by_country,w1gq14,BE,eisced,-0.0374560263247807,0.05320105944908368,-0.14172818678435903,0.06681613413479762,0.9632367738505901,0.867857119463483,1.0690988893098934
by_country,w1gq14,BE,hinctnta,-0.02505926318174599,0.04009502542561603,-0.10364406897517114,0.05352554261167916,0.9752521137724287,0.9015461285584082,1.0549839384685133
by_country,w1gq14,BE,w1xq3,0.025226937974564923,0.06558906054249655,-0.10332525846854544,0.1537791344176753,1.0255478298654659,0.9018335967579066,1.1662332775390092
by_country,w1gq14,BE,hincfel,0.021042285514769245,0.14406250410574348,-0.2613150340551416,0.30339960508468006,1.0212652354506944,0.7700382931131866,1.354455603660292
by_country,w1gq14,BE,1|2,-1.9139932416962169,0.6145153063741756,-3.118421110138198,-0.7095653732542357,0.14749024489473928,0.04422694279376753,0.4918579256212044
by_country,w1gq14,BE,2|3,0.2603111163502052,0.617053620127628,-0.9490917556300051,1.4697139883304156,1.297333645594442,0.3870924383728533,4.347991386931207
by_country,w1gq14,BE,3|4,1.7021888846808533,0.592524600755445,0.5408620072462069,2.8635157621154996,5.4859423543224795,1.7174867102628517,17.523025555372897
by_country,w1gq14,BE,4|5,3.045695335709306,0.6195972201670297,1.8313070992607936,4.260083572157818,21.024645308094296,6.242040294813049,70.81590144467506
by_country,w1gq14,CZ,clusterMid,-0.798280732408414,0.2606909481181202,-1.3092256018155293,-0.28733586300129876,0.45010214530541626,0.2700290854719117,0.7502597020409181
by_country,w1gq14,CZ,clusterHigh,-1.878841147675174,0.32649467467033977,-2.5187589511731616,-1.2389233441771865,0.15276703765485558,0.0805595230377687,0.2896959529278572
by_country,w1gq14,CZ,gndrFemale,-0.16499008241070626,0.23830252908418822,-0.6320544568405239,0.3020742920191113,0.8479021131911366,0.5314987373486328,1.3526617149466769
by_country,w1gq14,CZ,age,0.004728431209357741,0.00700086939044409,-0.008993020656381554,0.018449883075097036,1.0047396278808163,0.9910472956083644,1.0186211337314515
by_country,w1gq14,CZ,eisced,0.05583106501770723,0.06931865066535291,-0.08003099374329789,0.19169312377871237,1.0574190335811917,0.9230877359989356,1.211298741142706
by_country,w1gq14,CZ,hinctnta,-0.00798195058713553,0.057764674569152755,-0.12119863232135167,0.1052347311470806,0.99204982059226,0.885857982088674,1.1109713593331048
by_country,w1gq14,CZ,w1xq3,0.1341951015107069,0.09687436409828469,-0.05567516314715107,0.32406536616856485,1.1436159190739013,0.9458463317391095,1.3827376884303302
by_country,w1gq14,CZ,hincfel,0.47583722513546645,0.17796546129350974,0.12703133050813042,0.8246431197628025,1.6093610311129163,1.1354525915308624,2.281066552477396
by_country,w1gq14,CZ,1|2,-0.9611037843304213,0.8972016982134946,-2.719586799697045,0.7973792310362022,0.3824704879683788,0.06590197951920998,2.219715936212949
by_country,w1gq14,CZ,2|3,1.5075713650226434,0.9255679312099055,-0.3065084453940172,3.321651175439304,4.515750356708651,0.7360123022392181,27.706060377081194
by_country,w1gq14,CZ,3|4,2.737860498538857,0.9545547933148423,0.8669674823716913,4.608753514706022,15.453886089410256,2.3796834684088313,100.3589756515625
by_country,w1gq14,CZ,4|5,3.7013945957436607,0.9892125917352437,1.7625735428890592,5.640215648598263,40.50375134978766,5.827415216093646,281.52342206106886
by_country,w1gq14,FI,clusterMid,-1.1712050284600908,0.15574810134869868,-1.4764656977640342,-0.8659443591561472,0.3099931655186249,0.22844365219574841,0.4206541164291805
by_country,w1gq14,FI,clusterHigh,-2.1943935181633316,0.18236038564620352,-2.5518133062367254,-1.8369737300899378,0.11142611893392891,0.0779402083210265,0.1592987784884914
by_country,w1gq14,FI,gndrFemale,-0.38396294457386715,0.12987470256593678,-0.638512684105955,-0.1294132050417794,0.6811566672624718,0.5280772579494307,0.8786108440983998
by_country,w1gq14,FI,age,0.009113252838831269,0.0035700576377530667,0.0021160684461031167,0.016110437231559423,1.0091549049601052,1.002118308898976,1.0162409100417942
by_country,w1gq14,FI,eisced,0.07632467485097368,0.04250436178292194,-0.0069823434294139924,0.15963169313136133,1.07931294304516,0.9930419764941962,1.1730787384611763
by_country,w1gq14,FI,hinctnta,0.073039217706518,0.02890921697948383,0.016378193605475905,0.1297002418075601,1.0757727254264555,1.0165130514550655,1.1384870613465226
by_country,w1gq14,FI,w1xq3,0.1256278798532597,0.05982291199101063,0.008377126900569576,0.24287863280594985,1.1338601575603344,1.0084123132128966,1.2749138820078267
by_country,w1gq14,FI,hincfel,0.1287766235143425,0.1066943777478483,-0.0803405142243519,0.3378937612530369,1.137436019325608,0.9228020656515264,1.4019915496676418
by_country,w1gq14,FI,1|2,-0.5702355190735422,0.4471010405022162,-1.4465374559082698,0.30606641776118537,0.5653922623555502,0.2353839058397057,1.3580725036877357
by_country,w1gq14,FI,2|3,1.7956700205341742,0.441132073456536,0.9310670441338863,2.660272996934462,6.023509244931539,2.5372150541562175,14.300192474556306
by_country,w1gq14,FI,3|4,3.310248999610331,0.4408730792618026,2.4461536425039254,4.174344356716737,27.39194520649498,11.543859406853656,64.99721070322069
by_country,w1gq14,FI,4|5,4.685960907012191,0.46693167733153085,3.7707916362015137,5.601130177822869,108.41439842808445,43.41441966206761,270.73221012770927
by_country,w1gq14,FR,clusterMid,-1.4570960049840942,0.27947499221703725,-2.004856924309099,-0.9093350856590894,0.2329116679086562,0.1346795636887073,0.4027919571626944
by_country,w1gq14,FR,clusterHigh,-2.2498462871185065,0.28446953438373035,-2.8073963292094963,-1.6922962450275167,0.10541542702561071,0.06036195061761162,0.1840963080432597
by_country,w1gq14,FR,gndrFemale,0.2078444915599155,0.23348672594357545,-0.24978108215766612,0.6654700652774971,1.2310217203958251,0.778971295121827,1.9454047736756388
by_country,w1gq14,FR,age,0.009519542673114877,0.007235366223556679,-0.004661514540013793,0.023700599886243547,1.0095649976418106,0.9953493334563128,1.0239836911572553
by_country,w1gq14,FR,eisced,-0.08793508043774985,0.08129620060807256,-0.24727270570951526,0.07140254483401558,0.9158203294483699,0.7809277010477689,1.0740134774392083
by_country,w1gq14,FR,hinctnta,-0.0507407443653964,0.046544265472437035,-0.14196582837824412,0.04048433964745134,0.9505250675707363,0.8676509050178843,1.0413150022147784
by_country,w1gq14,FR,w1xq3,0.0940243008539747,0.10813070252178317,-0.11790798171173467,0.30595658341968407,1.0985864421815115,0.8887778326667396,1.357923348879892
by_country,w1gq14,FR,hincfel,0.09541984815831292,0.19216320447359037,-0.2812131117637303,0.4720528080803561,1.10012064180456,0.7548674472041685,1.603282047738293
by_country,w1gq14,FR,1|2,-2.484717036497432,0.947451909308183,-4.34168865582518,-0.6277454171696841,0.08334913593902538,0.013014532570900196,0.5337939279752103
by_country,w1gq14,FR,2|3,-0.25536751616177833,0.9410298922297398,-2.099752213307676,1.5890171809841196,0.7746317559509018,0.12248677508590793,4.898931798202056
by_country,w1gq14,FR,3|4,1.3503256973989974,0.9691042457617399,-0.5490837215588658,3.2497351163568604,3.85868208877689,0.5774786993211187,25.783509382686358
by_country,w1gq14,FR,4|5,2.1829975358738416,1.0353329672220724,0.15378220811159204,4.212212863636092,8.872863161832306,1.166236862188649,67.50575568401639
by_country,w1gq14,HU,clusterMid,-0.3470081173645477,0.6014352847765493,-1.525799614558175,0.8317833798290797,0.7067995908845219,0.21744711345310838,2.297412247701587
by_country,w1gq14,HU,clusterHigh,-0.9351172451097095,0.6760417808297579,-2.2601347875803555,0.38990029736093634,0.39253983945686255,0.10433642055327715,1.4768335423404517
by_country,w1gq14,HU,gndrFemale,0.6756779468920405,0.45811192167004344,-0.22220492046967877,1.5735608142537598,1.9653649374703355,0.8007512571970569,4.823794284080922
by_country,w1gq14,HU,age,-0.023891103777294982,0.011374257439085983,-0.04618423870879029,-0.0015979688457996716,0.97639202937278,0.95486602270069,0.998403307226618
by_country,w1gq14,HU,eisced,-0.46412616124936995,0.21949234564542283,-0.8943232535966156,-0.033929068902124326,0.6286842338752062,0.4088842159529525,0.9666400670470807
by_country,w1gq14,HU,hinctnta,-0.0807896719194645,0.09100502669796033,-0.25915624665957276,0.09757690282064378,0.9223876750729986,0.7717024376953459,1.1024962233726308
by_country,w1gq14,HU,w1xq3,0.01962477711515957,0.2613486961585252,-0.49260925476205125,0.5318588089923704,1.0198186089460535,0.611029979480094,1.7020932361413625
by_country,w1gq14,HU,hincfel,-0.7091576341107406,0.4977152161976457,-1.6846615324156926,0.26634626419421126,0.49205851624206337,0.18550720950836222,1.3051869199478563
by_country,w1gq14,HU,1|2,-4.226505845771427,2.163153955530746,-8.466209691627046,0.013198000084192252,0.014603327784841887,2.1046110597537518e-4,1.0132854781086575
by_country,w1gq14,HU,2|3,-2.706368761457928,2.152034408552171,-6.9242786957111395,1.5115411727952832,0.06677885693710395,9.836123461372387e-4,4.533712647405093
by_country,w1gq14,HU,3|4,-1.5922985111507402,2.1449462963232175,-5.796316000716824,2.611718978415344,0.203457424714389,0.0030387288249002927,13.622447430059687
by_country,w1gq14,HU,4|5,0.18054667814282999,2.511767073312938,-4.742426323104105,5.103519679389764,1.1978720346174396,0.008717469107940322,164.60022898292172
by_country,w1gq14,PL,clusterMid,-1.1622696691210754,0.26710652440742716,-1.6857888369953016,-0.6387505012468494,0.31277547781347015,0.1852982042099819,0.5279516870578209
by_country,w1gq14,PL,clusterHigh,-1.6508785506094943,0.2721074704003648,-2.184199392518508,-1.1175577087004807,0.19188125715175527,0.11256782022653442,0.32707763881403845
by_country,w1gq14,PL,gndrFemale,0.081382356593576885,0.2203801583464683,-0.350554816672735,0.5133195298598888,1.084785592204699,0.7042972254564908,1.6708283641074715
by_country,w1gq14,PL,age,-0.003506080171910336,0.006181922536943687,-0.015622425699536441,0.008610265355715768,0.9965000589503282,0.9844989713983047,1.0086474403092685
by_country,w1gq14,PL,eisced,-0.02955753402400552,0.06647474528963204,-0.1598456406731579,0.10073057262514687,0.9708750176877117,0.8522753354603018,1.105978620701291
by_country,w1gq14,PL,hinctnta,0.003502589890358352,0.054697182536510076,-0.10370191793701457,0.11070709771773128,1.003508731126312,0.9014939765593012,1.1170676672629962
by_country,w1gq14,PL,w1xq3,0.09107536250044306,0.08032862926160211,-0.06636585777976738,0.24851658278065347,1.0953515505797313,0.9357884361758521,1.2821220833423057
by_country,w1gq14,PL,hincfel,-0.025568867044148187,0.20451787545689504,-0.4264165371343106,0.37527880304601424,0.9747552481415095,0.6528443515621737,1.4553971272108468
by_country,w1gq14,PL,1|2,-1.8318807561571382,0.8431802565743939,-3.484483691518192,-0.17927782079608434,0.16011215250305383,0.030669589311139566,0.8358736440546302
by_country,w1gq14,PL,2|3,-0.11621945792984234,0.830661981238333,-1.7442870244836608,1.5118481086239761,0.8902798228902605,0.17476955096754734,4.535104419835065
by_country,w1gq14,PL,3|4,1.3567641626250375,0.8421373826188988,-0.2937947773428311,3.007323102592906,3.8836062297311935,0.7454294547604204,20.23316525968831
by_country,w1gq14,PL,4|5,2.2877464412858783,0.8714378893625397,0.5797595633717005,3.995733319200056,9.852708985553145,1.7856090533128708,54.365693416424584
by_country,w1gq14,PT,clusterMid,-0.5681630137522603,0.3560309274051305,-1.2659708088487105,0.12964478134418977,0.5665652559257406,0.28196542869235663,1.138423922077442
by_country,w1gq14,PT,clusterHigh,-1.0486043897752988,0.41174985790568414,-1.8556192819099242,-0.24158949764067328,0.3504264667621751,0.1563560841922503,0.7853785111197372
by_country,w1gq14,PT,gndrFemale,0.03022468879121086,0.2775834244482474,-0.513828825832649,0.5742782034150707,1.0306860915503726,0.5982007818201786,1.775848262991269
by_country,w1gq14,PT,age,-0.0034173204407456138,0.00843981278938112,-0.019959049544193138,0.01312440866270191,0.9965885119531406,0.9802388137110868,1.0132109117337043
by_country,w1gq14,PT,eisced,-0.1167291607738729,0.07884236401130713,-0.27125735469203177,0.03779903314428597,0.8898261603589133,0.7624202587239218,1.03852250330326
by_country,w1gq14,PT,hinctnta,0.015101493350959998,0.05996183293938641,-0.10242153965724482,0.13262452635916483,1.0152160970707163,0.9026489691221382,1.1418211940726628
by_country,w1gq14,PT,w1xq3,-0.1818115401262391,0.12304316494014356,-0.42297171195274186,0.05934863170026369,0.8337584556236081,0.6550971642692415,1.0611451250888941
by_country,w1gq14,PT,hincfel,0.4046985681185356,0.21263001854458458,-0.012048610260933845,0.8214457464980051,1.4988506305906437,0.9880236836055137,2.2737847787451893
by_country,w1gq14,PT,1|2,-1.276475751305256,0.9403261449851749,-3.1194811291975872,0.5665296265870754,0.2790189017339386,0.04418008623028028,1.7621411402193052
by_country,w1gq14,PT,2|3,0.05874449724834663,0.9480430194506043,-1.7993856766694434,1.9168746711661366,1.0605042443688977,0.16540046638285874,6.799674008905948
by_country,w1gq14,PT,3|4,1.7261992565801376,0.9000520962354699,-0.03787043625116171,3.490268949411437,5.619255920092805,0.9628376816696435,32.794766653443055
by_country,w1gq14,PT,4|5,2.4694042143827772,1.019014435068358,0.4721726219223663,4.466635806843188,11.815405305685962,1.603474154628561,87.06333191255625
by_country,w1gq14,SI,clusterMid,-0.7192276597130248,0.19051190824421255,-1.0926241384976807,-0.3458311809283689,0.48712833955058493,0.3353353716608079,0.7076319387903199
by_country,w1gq14,SI,clusterHigh,-1.356534284877013,0.20303464204706864,-1.7544748709032492,-0.9585936988507768,0.2575518332715133,0.17299806476035606,0.3834317274785962
by_country,w1gq14,SI,gndrFemale,0.05001445377241558,0.16060621831354605,-0.2647679498153118,0.364796857360143,1.05128629131901,0.7673840009158193,1.440221408051635
by_country,w1gq14,SI,age,-0.00717731438400107,0.0044004275504240286,-0.015801993899409977,0.001447365131407836,0.992848381025454,0.9843222025617392,1.0014484130698418
by_country,w1gq14,SI,eisced,0.036201401516170316,0.06482210185619271,-0.09084758352415434,0.163250386556495,1.0368646515762785,0.9131568804467423,1.1773314407513782
by_country,w1gq14,SI,hinctnta,-0.018547533575464223,0.036451444575384,-0.08999105212767476,0.052895984976746316,0.981623413412215,0.9139393630473749,1.0543199742991047
by_country,w1gq14,SI,w1xq3,-0.09464105291750073,0.06485629241898169,-0.22175705022950298,0.032474944394501506,0.9096994098201447,0.8011099701773771,1.0330080101785375
by_country,w1gq14,SI,hincfel,0.10365591815166797,0.13808007151815976,-0.16697604900664004,0.374287885309976,1.1092187272166973,0.8462198789011738,1.4539556626888448
by_country,w1gq14,SI,1|2,-1.5931197406517554,0.5300220746301856,-2.63194391793812,-0.5542955633653912,0.2032904080638998,0.07193848372052378,0.5744768011978053
by_country,w1gq14,SI,2|3,-0.06572113465233698,0.5221911386557803,-1.0891969594636277,0.9577546901589538,0.9363919551534526,0.3364865976178564,2.605838984029641
by_country,w1gq14,SI,3|4,1.1663213872855784,0.5058356337467206,0.17490176304501281,2.157741011526144,3.210161949046271,1.1911291979592704,8.651571766320627
by_country,w1gq14,SI,4|5,1.8769673512008025,0.5104752782483276,0.8764541908360177,2.8774805115655875,6.533660489256153,2.4023662540822524,17.76944681783121
by_country,w1gq15,AT,clusterMid,-0.5134156409711574,0.2882576121784651,-1.0783901791104633,0.05155889716814843,0.5984480003973287,0.34014265388719445,1.052911197953831
by_country,w1gq15,AT,clusterHigh,-1.4067703397140536,0.33585352387692446,-2.0650311505936885,-0.7485095288344187,0.24493305768434495,0.12681434016448237,0.4730711264103949
by_country,w1gq15,AT,gndrFemale,-0.1271850879665119,0.2536605094072651,-0.6243505507048349,0.3699803747718111,0.8805706744776179,0.5356091665833688,1.44770620281995
by_country,w1gq15,AT,age,-5.410337146178859e-4,0.0063824970521341295,-0.01305049806823384,0.011968430638998068,0.9994591126177309,0.987034290436823,1.0120403388949533
by_country,w1gq15,AT,eisced,-0.18410428600251644,0.08018076843095515,-0.34125570437993463,-0.026952867625098242,0.8318490490910713,0.7108771105734059,0.9734071194324461
by_country,w1gq15,AT,hinctnta,0.06393665281598097,0.05595280570274359,-0.04572883119536378,0.17360213682732573,1.0660248669491372,0.9553009748944749,1.1895821807147813
by_country,w1gq15,AT,w1xq3,-0.041021715976850635,0.09078223088739305,-0.21895161895234067,0.13690818699863938,0.9598082865469506,0.8033605846401514,1.1467228596195567
by_country,w1gq15,AT,hincfel,0.40741713720597905,0.2010980024619918,0.01327229501752808,0.80156197939443,1.5029309033203404,1.0133607628823078,2.2290198938930423
by_country,w1gq15,AT,1|2,-1.8872571602728432,0.8687514595014406,-3.589978732412274,-0.18453558813341253,0.15148674338464704,0.027598917379404207,0.8314903481834078
by_country,w1gq15,AT,2|3,-0.04180908267058836,0.9017556147206399,-1.8092176103798192,1.7255994450386425,0.9590528629064841,0.163782228202795,5.615886436166014
by_country,w1gq15,AT,3|4,1.1980074192091217,0.9006089037916859,-0.5671535963786809,2.9631684347969243,3.313507908217212,0.5671374454787916,19.359213089075745
by_country,w1gq15,AT,4|5,2.6804328236643973,0.9368077778819313,0.8443233185788137,4.516542328749981,14.591407435762697,2.326403048101877,91.51860900893531
by_country,w1gq15,BE,clusterMid,-0.6551599979389453,0.21637835577065198,-1.0792537822834176,-0.23106621359447294,0.5193589595759652,0.33984903241650605,0.7936869114320553
by_country,w1gq15,BE,clusterHigh,-1.4966499932982262,0.2684904132044954,-2.0228815333733143,-0.970418453223138,0.22387890112370598,0.1322737641364574,0.37892444276894616
by_country,w1gq15,BE,gndrFemale,-0.15007337387511768,0.18406347204009219,-0.5108311499430935,0.21068440219285814,0.8606448252623339,0.5999966843028999,1.2345226809235108
by_country,w1gq15,BE,age,-4.987166766273449e-4,0.005069411939468572,-0.010434581500783087,0.009437148147528399,0.9995014076618637,0.9896196698839664,1.0094818184395837
by_country,w1gq15,BE,eisced,-0.020367603612776602,0.06202037293720311,-0.14192530087743732,0.10119009365188411,0.9798384149534018,0.867686069453196,1.1064869579195002
by_country,w1gq15,BE,hinctnta,-0.04326692722831772,0.04351164834328708,-0.12854819088913227,0.04201433643249684,0.9576557315573327,0.8793711837180698,1.0429094302442345
by_country,w1gq15,BE,w1xq3,0.01973070592663892,0.08755447016408537,-0.15187290228045508,0.19133431413373292,1.0199266428410736,0.8590974631309909,1.210864193436049
by_country,w1gq15,BE,hincfel,-0.12823260800560643,0.18056319834185905,-0.4821299736890125,0.22566475767779964,0.8796487420059359,0.6174668021108582,1.2531554840962982
by_country,w1gq15,BE,1|2,-2.7106657573884547,0.6125947248028994,-3.911329355121363,-1.5100021596555464,0.06649252408672125,0.02001387781875584,0.2209095008704342
by_country,w1gq15,BE,2|3,-0.7451946743656048,0.5983960426532164,-1.9180293664572028,0.42764001772599314,0.47464189033642307,0.14689615558110128,1.5336339005669444
by_country,w1gq15,BE,3|4,0.6717247832740576,0.6123840045341625,-0.5285258103213137,1.871975376869429,1.9576108649602006,0.589473324952408,6.501125897290817
by_country,w1gq15,BE,4|5,1.8619464556140586,0.6131876622297848,0.660120721879369,3.0637721893487484,6.436252466602177,1.935025920268008,21.408160676268903
by_country,w1gq15,CZ,clusterMid,-0.7973278489167858,0.26794226802506843,-1.322485044181898,-0.2721706536516736,0.4505312446175816,0.26647228309471765,0.7617242589711232
by_country,w1gq15,CZ,clusterHigh,-1.2847673725187898,0.27629705621033684,-1.8262996517254888,-0.7432350933120908,0.2767149476465481,0.161008253437365,0.4755729014899186
by_country,w1gq15,CZ,gndrFemale,-0.21908945802430208,0.22504797557334238,-0.6601753849417029,0.2219964688930987,0.8032498577941324,0.5167606944992076,1.2485669690330583
by_country,w1gq15,CZ,age,-0.012207523262397935,0.007926260237446216,-0.027742707859884412,0.003327661335088543,0.9878666862712236,0.9726385868736133,1.0033332041465635
by_country,w1gq15,CZ,eisced,-0.04868340568155691,0.07019106720265587,-0.186255369435193,0.08888855807207918,0.952482632558824,0.8300615955531658,1.0929588480980141
by_country,w1gq15,CZ,hinctnta,-0.09794889477726454,0.06121592007224696,-0.21792989339935115,0.022032103844822057,0.9066952394320776,0.8041818181439286,1.022276602953062
by_country,w1gq15,CZ,w1xq3,0.042924155453983134,0.09642543380989903,-0.14606622200706976,0.23191453291503605,1.0438587208574035,0.8641004788218901,1.2610119492071865
by_country,w1gq15,CZ,hincfel,0.06065121609672867,0.16738667612166172,-0.2674206405935989,0.38872307278705626,1.0625282567985452,0.7653510660191191,1.4750960005419953
by_country,w1gq15,CZ,1|2,-3.961595558338885,1.0654880336436185,-6.049913730238778,-1.8732773864389918,0.019032722233237317,0.0023580654274569395,0.15361936585374114
by_country,w1gq15,CZ,2|3,-1.918129304887291,1.0437180869803406,-3.9637791653818018,0.12752055560721987,0.1468814757434787,0.01899120758925307,1.1360082193399184
by_country,w1gq15,CZ,3|4,-0.47085686622115674,1.053944592572176,-2.5365503093633626,1.5948365769210489,0.6244669543298381,0.07913893428114649,4.9275237352151855
by_country,w1gq15,CZ,4|5,0.9940705390407849,1.0482384001375615,-1.060438972440721,3.0485800505222906,2.702211573539449,0.3463037591529747,21.085382977159696
by_country,w1gq15,FI,clusterMid,-0.6946336299322882,0.14913636574595387,-0.9869355355795506,-0.40233172428502567,0.499257327423168,0.37271712108234706,0.6687588653343726
by_country,w1gq15,FI,clusterHigh,-1.547855933827552,0.164953863727826,-1.8711595658448188,-1.224552301810285,0.21270353573051037,0.15394504885776808,0.29388924455804316
by_country,w1gq15,FI,gndrFemale,0.1346166599367997,0.12664060524801296,-0.1135943653296598,0.38282768520325916,1.1440981216319352,0.89261996005996,1.4664253215150997
by_country,w1gq15,FI,age,-0.00893077408939932,0.003435876867855383,-0.015664969005710155,-0.0021965791730884842,0.9911089868202462,0.9844570884480627,0.9978058315415118
by_country,w1gq15,FI,eisced,-0.056179681664934124,0.04323298150322226,-0.14091476835553607,0.028555405025667814,0.9453692551068872,0.8685633376245342,1.0289670191993445
by_country,w1gq15,FI,hinctnta,-0.007163472872600327,0.02921811960980929,-0.06442993500381002,0.050102989258609364,0.9928621236427483,0.9376018050276083,1.0513793715823332
by_country,w1gq15,FI,w1xq3,0.08938800944758184,0.049826857931021575,-0.008270837560014385,0.18704685645517805,1.093504864240971,0.9917632717147558,1.2056837777942826
by_country,w1gq15,FI,hincfel,0.09347768386898572,0.11007115735897752,-0.1222578202912511,0.30921318802922254,1.0979861002662283,0.8849201887084137,1.3623527768503463
by_country,w1gq15,FI,1|2,-2.6099891357347365,0.4126997999454571,-3.4188658800547174,-1.8011123914147555,0.0735353426661863,0.03274955580972402,0.16511511339118248
by_country,w1gq15,FI,2|3,-0.5512419551663297,0.4171617762160672,-1.368864012276579,0.2663801019439196,0.5762337093575003,0.25439578595985435,1.3052310852833995
by_country,w1gq15,FI,3|4,1.054483074117891,0.4210613428086373,0.22921800693088878,1.8797481413048933,2.870490939259052,1.2576161781698738,6.551854512844322
by_country,w1gq15,FI,4|5,2.5569734646725273,0.4408690980711976,1.6928859105563232,3.4210610187887314,12.896725793224087,5.435143431450991,30.601866957760937
by_country,w1gq15,FR,clusterMid,-0.8920949315311621,0.2886586818889093,-1.4578555518582288,-0.3263343112040956,0.40979635756879035,0.23273482774704446,0.7215639202017992
by_country,w1gq15,FR,clusterHigh,-1.7695899986758372,0.3127954819374285,-2.382657877800046,-1.1565221195516284,0.17040283989491345,0.09230491599875525,0.31457834645170013
by_country,w1gq15,FR,gndrFemale,-0.3155357080521088,0.22744083628985598,-0.761311555793897,0.13024013968967935,0.7293980251926174,0.4670534584570497,1.1391018940582684
by_country,w1gq15,FR,age,0.0023783821865129735,0.007547502265072579,-0.012414450426263757,0.017171214799289704,1.0023812127810592,0.9876622909677555,1.0173194875668592
by_country,w1gq15,FR,eisced,-0.10490754630259617,0.08717718217156883,-0.27577168363255833,0.065956591027366,0.9004077647652063,0.758986199952504,1.0681803475480969
by_country,w1gq15,FR,hinctnta,0.07638248819590297,0.05044029458078195,-0.02247867255202049,0.17524364894382644,1.0793753435403963,0.9777720903543561,1.1915364978567962
by_country,w1gq15,FR,w1xq3,0.02667771366478006,0.09366007980854776,-0.15689266954912065,0.21024809687868076,1.0270367495092494,0.8547957995128834,1.2339841696035694
by_country,w1gq15,FR,hincfel,0.5615665243975448,0.19178603759284224,0.18567279797792924,0.9374602508171604,1.7534171206760447,1.2040282354449998,2.553487956985967
by_country,w1gq15,FR,1|2,-1.33081816714717,0.9533885331701454,-3.1994253554341254,0.5377890211397853,0.2642609631895247,0.04078563448883845,1.712216998486717
by_country,w1gq15,FR,2|3,0.6365071322897029,0.9089254403500563,-1.1449539954286163,2.4179682600080223,1.8898682776726716,0.3182385578821141,11.223033848326162
by_country,w1gq15,FR,3|4,2.150801918875112,0.8938325804301694,0.39892225302347906,3.9026815847267446,8.59174551825387,1.4902177541786612,49.53510374134587
by_country,w1gq15,FR,4|5,3.956597198813469,0.8633710733529925,2.264420989747915,5.648773407879023,52.27912745708475,9.625549695346681,283.94296992673463
by_country,w1gq15,HU,clusterMid,-0.7197729332804736,0.4521738855084359,-1.6060174636265456,0.16647159706559833,0.486862793747206,0.2006852610435715,1.1811299878363803
by_country,w1gq15,HU,clusterHigh,-1.0438016503736225,0.6154710070993505,-2.250102657816945,0.1624993570697002,0.35211352176140015,0.1053884050629257,1.1764475620746635
by_country,w1gq15,HU,gndrFemale,-0.008300185253557213,0.4353470916971218,-0.8615648057541723,0.8449644352470578,0.9917341661772827,0.42250043366720863,2.3278950220866603
by_country,w1gq15,HU,age,-0.0015242357056786016,0.01071895775109968,-0.022533006849640422,0.01948453543828322,0.9984769253515814,0.9777189652378653,1.0196755979025138
by_country,w1gq15,HU,eisced,-0.14711786446762892,0.15745412495907438,-0.45572227860468384,0.161486549669426,0.8631922317274825,0.6339898852067903,1.1752566504616082
by_country,w1gq15,HU,hinctnta,-0.13874170185190557,0.09172536266709393,-0.31852010914828444,0.041036705444473326,0.8704528357788296,0.7272244539441621,1.041890347891936
by_country,w1gq15,HU,w1xq3,0.10523719953786881,0.1830681695840794,-0.2535698195625977,0.46404421863833534,1.1109741016479586,0.7760255612683667,1.5904932983330595
by_country,w1gq15,HU,hincfel,-0.2262278438261847,0.500507692010161,-1.2072048941513658,0.7547492064989965,0.7975363672254953,0.2990319383262443,2.1270779991175823
by_country,w1gq15,HU,1|2,-3.288689162302711,1.4987195676663878,-6.226125537854271,-0.351252786751151,0.03730271516692352,0.0019770972647417105,0.7038058185804082
by_country,w1gq15,HU,2|3,-1.804418562937536,1.511996138437279,-4.76787653903824,1.1590394131631678,0.16457011592928888,0.008498407049087746,3.1868705394485444
by_country,w1gq15,HU,3|4,-0.0865152780820202,1.5670267529998472,-3.1578312767724634,2.9848007206084226,0.917121536819606,0.04251785061457913,19.782559587100646
by_country,w1gq15,HU,4|5,1.123514909204724,1.5116038648531436,-1.8391742247989877,4.086204043208436,3.0756458422483255,0.15894862776296975,59.51355151707209
by_country,w1gq15,PL,clusterMid,-0.9076407168336251,0.25217463679716945,-1.4018939227705463,-0.41338751089670406,0.40347501380958806,0.24613037032206062,0.6614059311560555
by_country,w1gq15,PL,clusterHigh,-1.5664241799576402,0.2950277347767753,-2.144667914560555,-0.9881804453547255,0.20879044616032266,0.11710692009054259,0.3722534105936849
by_country,w1gq15,PL,gndrFemale,0.21782250292199226,0.21658976523744755,-0.20668563636339024,0.6423306422073748,1.24336635413689,0.8132752739787149,1.9009060524322827
by_country,w1gq15,PL,age,-0.013421027329427767,0.00620752595161645,-0.025587554627693732,-0.001254500031161801,0.9866686330979696,0.9747370324915772,0.9987462865250563
by_country,w1gq15,PL,eisced,-0.06497150409866428,0.06257164351995866,-0.18760967185126226,0.057666663653933706,0.9370941663398454,0.8289382020078228,1.0593618130533242
by_country,w1gq15,PL,hinctnta,-0.028023651055699646,0.04781707850374136,-0.1217434027689571,0.06569610065755781,0.9723653690617835,0.8853755242655705,1.0679021330920089
by_country,w1gq15,PL,w1xq3,0.09960160271168766,0.08359237258483014,-0.06423643693683276,0.2634396423602081,1.1047307086737033,0.9377832467182176,1.3013987432145009
by_country,w1gq15,PL,hincfel,-0.07819211369679253,0.22582154990744757,-0.520794218448404,0.36440999105481897,0.9247867452762034,0.5940485562401213,1.4396643426785127
by_country,w1gq15,PL,1|2,-3.3627873625621385,0.8270439527983533,-4.983763723678555,-1.741811001445722,0.03463857399497304,0.006848239112120889,0.17520282057348271
by_country,w1gq15,PL,2|3,-1.7239833743323578,0.8011198898135926,-3.2941495056656955,-0.1538172429990201,0.1783542791752187,0.037099584619708595,0.8574287077924084
by_country,w1gq15,PL,3|4,-0.2642257970319106,0.7932086004381366,-1.81888608611808,1.2904344920542588,0.7678001530866889,0.16220633422551986,3.6343653156005695
by_country,w1gq15,PL,4|5,0.6456365788613272,0.8127219894177193,-0.9472692498411452,2.2385424075637994,1.9072007265907638,0.38779855984239453,9.379649612382833
by_country,w1gq15,PT,clusterMid,-1.3706124530303734,0.38849064874912054,-2.13204013290925,-0.6091847731514967,0.2539513786232523,0.1185950971191429,0.5437940038942861
by_country,w1gq15,PT,clusterHigh,-1.3562946564868463,0.3653037123871278,-2.072276776184395,-0.6403125367892977,0.25761355739783576,0.12589881172961037,0.5271276515118973
by_country,w1gq15,PT,gndrFemale,0.3079728269460207,0.30318832358272285,-0.2862653678091919,0.9022110217012332,1.360664015038077,0.7510632814820093,2.4650473634742434
by_country,w1gq15,PT,age,0.0014868113903463301,0.012049214375593396,-0.022129214827818995,0.025102837608511654,1.001487917242398,0.9781138400739008,1.0254205669012282
by_country,w1gq15,PT,eisced,-0.008786297477937901,0.08998908948156158,-0.18516167186335075,0.16758907690747493,0.9912521892327014,0.8309699285349463,1.1824506145378533
by_country,w1gq15,PT,hinctnta,-0.018710846044524363,0.06874686853635203,-0.15345223242568415,0.11603054033663543,0.9814631151585915,0.8577417354623637,1.1230301693289513
by_country,w1gq15,PT,w1xq3,-0.10816636329901841,0.15727368660319954,-0.41641712475712905,0.20008439815909224,0.89747827656322,0.6594051588936971,1.2215058466546471
by_country,w1gq15,PT,hincfel,0.3157692271094491,0.21005059191486591,-0.09592236797500825,0.7274608221939065,1.371313757068233,0.9085345447075108,2.069818292853127
by_country,w1gq15,PT,1|2,-1.4216847151123018,1.523539023822194,-4.407766330845113,1.5643969006205092,0.2413071404715815,0.012182359322193522,4.779791377232747
by_country,w1gq15,PT,2|3,-0.07575409368623465,1.499023989905716,-3.013787125862971,2.8622789384905016,0.9270441445408211,0.049105358001770495,17.501366060633067
by_country,w1gq15,PT,3|4,1.5765609473866058,1.4678257444599876,-1.3003246473356622,4.453446542108874,4.838288039865821,0.2724433306738326,85.9225700214838
by_country,w1gq15,PT,4|5,3.1634765930122786,1.4929472180741474,0.23735381476768413,6.089599371256873,23.65268390873758,1.2678896365015182,441.2446004609201
by_country,w1gq15,SI,clusterMid,-0.5253637129219482,0.17823029191735792,-0.8746886660340298,-0.17603875980986644,0.5913402471595726,0.4169918231894297,0.8385854792934186
by_country,w1gq15,SI,clusterHigh,-1.3947354867480681,0.19604346094928804,-1.7789736096132571,-1.0104973638828791,0.2478986001604782,0.16881132470041252,0.36403787524673376
by_country,w1gq15,SI,gndrFemale,-0.07879164919526326,0.15495552570872645,-0.38249889878983745,0.2249156003993109,0.92423246896466,0.682154642171663,1.252217025114889
by_country,w1gq15,SI,age,-0.0073920434768358695,0.004607839740096521,-0.016423243413957452,0.0016391564602857142,0.9926352104810519,0.9837108827819593,1.0016405006115607
by_country,w1gq15,SI,eisced,0.024437830519558574,0.06259146714297555,-0.09823919082019562,0.14711485185931278,1.0247388816429672,0.906432067592646,1.1584870097764384
by_country,w1gq15,SI,hinctnta,-0.08502514131690234,0.03853817387111896,-0.16055857413423802,-0.00949170849956664,0.9184891920833234,0.8516679363988835,0.9905531955811012
by_country,w1gq15,SI,w1xq3,0.0013627185759998131,0.061977225096049283,-0.12011041047398874,0.12283584762598837,1.001363647498864,0.8868225168171401,1.1306987988206312
by_country,w1gq15,SI,hincfel,0.08861682175225356,0.13309278766821153,-0.17224024867947763,0.3494738921839847,1.09266189183164,0.8417769130813308,1.418321162421504
by_country,w1gq15,SI,1|2,-2.5184565729987196,0.5355239612967315,-3.568064249998535,-1.4688488959989043,0.08058388616253173,0.028210409159952373,0.23019030572142318
by_country,w1gq15,SI,2|3,-1.017092176441463,0.5253218471018269,-2.046704077053101,0.01251972417017444,0.3616450126079832,0.12915990391002805,1.0125984240072972
by_country,w1gq15,SI,3|4,0.5178605621147909,0.5272662093132552,-0.5155622184041466,1.5512833426337285,1.678432902761199,0.5971647632016022,4.717520494624901
by_country,w1gq15,SI,4|5,1.820573303639381,0.5307529944326915,0.7803165498645179,2.860830057414244,6.175397813262626,2.182162919555751,17.476027023597545
by_country,w1gq16,AT,clusterMid,-1.4988498076154317,0.3014708625509918,-2.0897218406036004,-0.907977774627263,0.2233869504101919,0.1237215453419406,0.40333904232805645
by_country,w1gq16,AT,clusterHigh,-2.0535187937280845,0.3837922847495673,-2.805737849381577,-1.3012997380745919,0.12828270807442893,0.060462142755439194,0.2721778031829467
by_country,w1gq16,AT,gndrFemale,0.46461886646556116,0.25804169399429194,-0.04113356027295645,0.9703712932040788,1.5914075345079215,0.9597009434677127,2.638924092058877
by_country,w1gq16,AT,age,-0.007893239813778612,0.00799577065840451,-0.023564662332893567,0.007778182705336341,0.992137830002687,0.9767108162269401,1.0078085113513562
by_country,w1gq16,AT,eisced,-0.20371004244635274,0.07537117206396057,-0.35143482516428687,-0.05598525972841861,0.8156988549450026,0.7036777105466835,0.9455530734967719
by_country,w1gq16,AT,hinctnta,0.08957891424567128,0.06776852809961187,-0.04324496011485858,0.22240278860620116,1.0937136394937534,0.9576767687205047,1.2490743894861904
by_country,w1gq16,AT,w1xq3,-0.06824289430637492,0.08633479036797456,-0.2374559740404206,0.10097018542767075,0.9340335745848627,0.7886316104801975,1.106243659090156
by_country,w1gq16,AT,hincfel,0.4717305015702392,0.23607438078445012,0.009033217560122486,0.934427785580356,1.6027653827634685,1.0090741401980847,2.545756322405262
by_country,w1gq16,AT,1|2,-3.596807119396443,1.0029761628189313,-5.5626042758737295,-1.6310099629191568,0.02741110325472055,0.003838766162459473,0.19573179241518432
by_country,w1gq16,AT,2|3,-0.9105601465612825,1.0121325212607761,-2.8943034358141237,1.0731831426915588,0.40229881461076095,0.055337557833791226,2.924674354501331
by_country,w1gq16,AT,3|4,0.3068490680129543,1.0684933130107168,-1.787359343209933,2.401057479235842,1.3591358155210274,0.16740163679779924,11.03483932635176
by_country,w1gq16,AT,4|5,1.8855993504580968,1.1413689878201208,-0.3514427587402751,4.122641459656469,6.590303159781773,0.7036721278882409,61.722063467501236
by_country,w1gq16,BE,clusterMid,-1.2432123190490134,0.1873812188006465,-1.6104727592775,-0.8759518788205267,0.2884561149827747,0.19979313768518767,0.4164654063447573
by_country,w1gq16,BE,clusterHigh,-2.490535158808258,0.23568564900283645,-2.9524705425267657,-2.0285997750897504,0.08286560844664786,0.0522105580773909,0.13151954922708814
by_country,w1gq16,BE,gndrFemale,0.1344794900198227,0.16853648290487278,-0.19584594655477836,0.46480492659442374,1.1439411965505237,0.8221388782496418,1.591703659546542
by_country,w1gq16,BE,age,-0.014616618162384794,0.005250514778436535,-0.024907438028415704,-0.004325798296353886,0.9854896860346581,0.9754001928149151,0.9956835444925681
by_country,w1gq16,BE,eisced,-0.1648614281457529,0.05844929312574112,-0.27941993759403,-0.05030291869747576,0.8480112064317665,0.7562222703659586,0.9509413229603183
by_country,w1gq16,BE,hinctnta,-0.003422830966698774,0.043937094129681976,-0.08953795304622167,0.08269229111282411,0.996583020241412,0.9143535619627633,1.0862075214116587
by_country,w1gq16,BE,w1xq3,0.08117861865730892,0.07759877166562827,-0.07091217905186968,0.23326941636648751,1.0845646027395832,0.93154369758617,1.26272163137775
by_country,w1gq16,BE,hincfel,0.6615669141952372,0.14751824155317567,0.3724364736883329,0.9506973547021415,1.937826364387201,1.45126628262055,2.587513444971248
by_country,w1gq16,BE,1|2,-3.8414916530854395,0.6804272971672051,-5.175104649631094,-2.507878656539785,0.021461564248383674,0.005655625023910752,0.08144082007562188
by_country,w1gq16,BE,2|3,-1.01068272729225,0.6513392592255058,-2.2872842170912393,0.2659187625067392,0.3639704021987482,0.10154185336273137,1.3046290695865934
by_country,w1gq16,BE,3|4,0.3574441428752142,0.6463084066235537,-0.9092970570124193,1.6241853427628477,1.4296707069226429,0.402807275086973,5.074283551088702
by_country,w1gq16,BE,4|5,1.8706376411647394,0.6587029770227235,0.5796035296908868,3.161671752638592,6.492434923466393,1.7853304598953315,23.610033090410223
by_country,w1gq16,CZ,clusterMid,-0.6321142016744978,0.251416184188732,-1.124880867814901,-0.13934753553409462,0.5314669839933714,0.3246911462200868,0.8699256458429926
by_country,w1gq16,CZ,clusterHigh,-1.4516120173155527,0.29060685991839585,-2.0211909964158847,-0.8820330382152204,0.23419246134112845,0.13249756694338574,0.4139404987900712
by_country,w1gq16,CZ,gndrFemale,0.18294963415088797,0.23910837725459075,-0.285694173669926,0.651593441971702,1.2007539295665806,0.7514924069719248,1.9185955652955116
by_country,w1gq16,CZ,age,-0.0056493234457233405,0.00785232544320414,-0.02103959850929097,0.009740951617844287,0.994366603974809,0.9791801897259113,1.0097885491098084
by_country,w1gq16,CZ,eisced,-0.034128298711956676,0.07875114712605359,-0.18847771082023668,0.12022111339632331,0.9664475027132613,0.8282189635542729,1.1277461838019036
by_country,w1gq16,CZ,hinctnta,-0.10957866129527394,0.054691463090932826,-0.2167719592153039,-0.0023853633752439624,0.896211664418974,0.8051135470976436,0.9976174793432173
by_country,w1gq16,CZ,w1xq3,-0.06809338517694033,0.09805294015469077,-0.2602736164583955,0.12408684610451481,0.9341732315711987,0.7708406422595473,1.132114186436915
by_country,w1gq16,CZ,hincfel,0.09648573419822341,0.1474398382133183,-0.19249103858629274,0.3854625069827396,1.10129387019168,0.824901710455976,1.4702941855355711
by_country,w1gq16,CZ,1|2,-4.788567940546457,0.9907481848524604,-6.730398700605711,-2.846737180487203,0.008324369842739304,0.0011940567920573834,0.05803336469391099
by_country,w1gq16,CZ,2|3,-1.861151693990338,0.9714156533000122,-3.7650913884768094,0.04278800049613318,0.15549344633753368,0.023165495079254833,1.0437166039924413
by_country,w1gq16,CZ,3|4,-0.43694199118716415,0.9559725550861138,-2.3106137693646795,1.4367297869903513,0.6460089045333617,0.09920034673700771,4.2069157867238145
by_country,w1gq16,CZ,4|5,1.0376186432609023,0.9665957697986745,-0.856874253153268,2.9321115396750725,2.822487655030752,0.42448684922659075,18.76721641039229
by_country,w1gq16,FI,clusterMid,-1.115439953271768,0.16937186193937173,-1.447402702667427,-0.7834772038761091,0.3277710432305777,0.23518032876292377,0.4568148082179151
by_country,w1gq16,FI,clusterHigh,-2.4335206461887307,0.174475239943781,-2.7754858326725254,-2.091555459704936,0.08772743100959218,0.06231919263387028,0.12349489501184503
by_country,w1gq16,FI,gndrFemale,-0.012427338359247928,0.132316352194924,-0.2717626232270162,0.24690794650852038,0.987649562124363,0.7620351290618975,1.280061273245073
by_country,w1gq16,FI,age,-0.011721621948916029,0.003977572138379248,-0.01951752008604932,-0.003925723811782737,0.9883468086282233,0.9806717135853469,0.9960819717684061
by_country,w1gq16,FI,eisced,-0.1947314942290783,0.049595369655955644,-0.291936632554702,-0.0975263559034546,0.8230556235741516,0.7468158582870419,0.9070784343691134
by_country,w1gq16,FI,hinctnta,-8.458507971059417e-4,0.03208816197890443,-0.06373749260584612,0.06204579101163423,0.9991545068338383,0.938251265100712,1.0640110657556237
by_country,w1gq16,FI,w1xq3,0.1535957138357098,0.054509465386190864,0.046759124862243026,0.26043230280917656,1.1660193859691934,1.0478695729503467,1.297490874391864
by_country,w1gq16,FI,hincfel,0.415436018728534,0.12003515748163442,0.18017143318593695,0.650700604271131,1.515031178668134,1.1974226235023469,1.9168833353281443
by_country,w1gq16,FI,1|2,-4.416981048120674,0.5411097013963095,-5.477536574542664,-3.356425521698685,0.012070617948544948,0.00417961319193203,0.03485964154314136
by_country,w1gq16,FI,2|3,-1.6183117710757933,0.5267499109087397,-2.6507226253166047,-0.5859009168349816,0.19823307956745415,0.07060017714736556,0.5566041817823252
by_country,w1gq16,FI,3|4,0.26268643885393406,0.5361426180077276,-0.7881337830182276,1.3135066607260957,1.3004188941772399,0.45469255895583593,3.719192819465977
by_country,w1gq16,FI,4|5,1.8119335597687203,0.5464041899651805,0.7410010264351847,2.8828660931022556,6.1222737773424605,2.0980346518215063,17.86540378262731
by_country,w1gq16,FR,clusterMid,-1.1654874136242042,0.2979585829657775,-1.7494755051217177,-0.5814993221266908,0.3117706637235066,0.17386511090010404,0.5590595275577951
by_country,w1gq16,FR,clusterHigh,-2.5724509224659053,0.3275009644701764,-3.214341017729583,-1.9305608272022279,0.07634819242381632,0.04018180419747209,0.14506681824781775
by_country,w1gq16,FR,gndrFemale,-0.03186518240173959,0.2251681449286206,-0.4731866369275311,0.40945627212405195,0.968637162612572,0.6230137829478976,1.5059987089765567
by_country,w1gq16,FR,age,0.007139227311196437,0.006681962812436448,-0.005957179147214965,0.02023563376960784,1.0071647723489234,0.9940605296621811,1.020441762238949
by_country,w1gq16,FR,eisced,-0.032139140277519095,0.08953370743761672,-0.20762198225759382,0.14334370170255561,0.9683718331793051,0.8125141234207787,1.154126408716487
by_country,w1gq16,FR,hinctnta,-0.08202696106530247,0.05524466620104901,-0.1903045171572957,0.026250595026690776,0.9212471205577417,0.8267073490370518,1.026598176639522
by_country,w1gq16,FR,w1xq3,0.15276233805643427,0.10833628757797718,-0.059572883815175004,0.36509755992804355,1.1650480584513911,0.9421668623732891,1.4406545514477833
by_country,w1gq16,FR,hincfel,0.7480673247648982,0.2179677950308238,0.3208582967148751,1.1752763528149215,2.112912494306745,1.3783102559637972,3.23903793741691
by_country,w1gq16,FR,1|2,-2.8652428618299717,1.010268923023154,-4.845333565655421,-0.8851521580045218,0.05696929378487954,0.007864993525664239,0.4126513802913546
by_country,w1gq16,FR,2|3,-0.243272754540802,0.9744604185531698,-2.153180079264841,1.666634570183237,0.7840576293252566,0.11611431729138331,5.294320118684977
by_country,w1gq16,FR,3|4,1.7248012422822048,0.9643146555289964,-0.1652207523187763,3.614823236883186,5.611405608675157,0.8477065502447451,37.14477951831328
by_country,w1gq16,FR,4|5,3.090058330989551,0.9784711868175974,1.1722900449168976,5.007826617062204,21.978359957858462,3.229379601402744,149.57928954136412
by_country,w1gq16,HU,clusterMid,0.1185462471891429,0.4411564166782118,-0.7461044410488973,0.983196935427183,1.1258589407093882,0.4742102733232592,2.6729879669038668
by_country,w1gq16,HU,clusterHigh,-1.4740560503600442,0.5517924760321347,-2.555549430323209,-0.3925626703968794,0.2289947845999288,0.07764955732359943,0.6753240222018692
by_country,w1gq16,HU,gndrFemale,-0.2819591762798044,0.43323739202394185,-1.1310888614027905,0.5671705088431819,0.754304477419473,0.32268170940523944,1.763270827168321
by_country,w1gq16,HU,age,-0.0211298675757955,0.011273442745610294,-0.043225409338966014,9.65674187375011e-4,0.979091804033552,0.9576954922274165,1.0009661406008155
by_country,w1gq16,HU,eisced,-0.18675750046276993,0.15921334971578344,-0.4988099317636858,0.125294930838146,0.8296449004977521,0.6072529022588242,1.133482702777684
by_country,w1gq16,HU,hinctnta,-0.012218077671119876,0.08407585490598815,-0.17700372525627184,0.1525675699140321,0.9878562599774757,0.8377766635844103,1.164821166301636
by_country,w1gq16,HU,w1xq3,-0.3731997829498497,0.22809083634867067,-0.8202496073968635,0.07385004149716418,0.6885276630147901,0.4403217332263747,1.076645341266594
by_country,w1gq16,HU,hincfel,0.3205637912422495,0.5477032053203688,-0.7529147654028197,1.3940423478873185,1.3779043958173904,0.4709917196869117,4.031112320350306
by_country,w1gq16,HU,1|2,-5.592719559525648,1.7921458337473548,-9.10526084871397,-2.080178270337326,0.003724884033708162,1.1107989411989473e-4,0.12490794283255426
by_country,w1gq16,HU,2|3,-3.730548966079406,1.775324336138525,-7.210120725788395,-0.2509772063704174,0.023979668198310166,7.39067925518765e-4,0.7780401057148137
by_country,w1gq16,HU,3|4,-1.1516605562173443,1.7325537847007058,-4.547403575509289,2.244082463074601,0.3161114125360273,0.010594676981942795,9.431757599201342
by_country,w1gq16,HU,4|5,-0.1246456683901116,1.6848146050858253,-3.4268216149854025,3.1775302782051797,0.8828096545384893,0.03249004270214599,23.987438037281812
by_country,w1gq16,PL,clusterMid,-1.103702910218076,0.2534440524639346,-1.6004441251432677,-0.6069616952928844,0.3316407712350373,0.201806870583484,0.545004245035707
by_country,w1gq16,PL,clusterHigh,-1.934454241227205,0.321048134782688,-2.5636970227050346,-1.3052114597493756,0.14450311114774503,0.07701947071193262,0.2711151990316448
by_country,w1gq16,PL,gndrFemale,0.1602622913643245,0.23493261187229908,-0.30019716669930874,0.6207217494279577,1.1738187131296145,0.7406721703969578,1.8602702063921421
by_country,w1gq16,PL,age,-0.015679371527272137,0.007541112863552494,-0.030459681143186736,-8.990619113575359e-4,0.9844429098857232,0.9699995405513849,0.9991013421237095
by_country,w1gq16,PL,eisced,-0.031891116721368906,0.06279732823263287,-0.15497161838266962,0.09118938493993181,0.9686120419925366,0.8564394842763882,1.0954764523562934
by_country,w1gq16,PL,hinctnta,-0.0143854468345256,0.059197309511602104,-0.1304100414589361,0.10163914778988488,0.985717529328374,0.8777354491977407,1.1069839420446355
by_country,w1gq16,PL,w1xq3,-0.07111135674792855,0.0884639143096512,-0.24449744272628238,0.10227472923042528,0.9313581733354662,0.7830979909587148,1.1076877441312547
by_country,w1gq16,PL,hincfel,-0.1108067954448817,0.24314845182552894,-0.5873690039195907,0.3657554130298273,0.8951116718760885,0.5557876378972336,1.4416026023179642
by_country,w1gq16,PL,1|2,-5.383145959180603,0.8907207616924785,-7.128926572379945,-3.6373653459812614,0.004593348688340107,8.015793632770336e-4,0.026321601003322998
by_country,w1gq16,PL,2|3,-2.9632558457575464,0.8588391684469295,-4.646549684425857,-1.2799620070892361,0.05165047712728817,0.009594649454005663,0.2780478641002099
by_country,w1gq16,PL,3|4,-1.3019170707754821,0.835818361752611,-2.9400909574278695,0.33625681587690526,0.27200983077734936,0.05286092042632104,1.3996984434399047
by_country,w1gq16,PL,4|5,0.2576854015875767,0.8536640066683736,-1.4154653063805958,1.9308361095557491,1.2939316857317995,0.24281260490463188,6.895273035756629
by_country,w1gq16,PT,clusterMid,-0.0805841324463158,0.40758737570678466,-0.8794407093848093,0.7182724444921778,0.9225772816349208,0.4150149607568125,2.0508871271453515
by_country,w1gq16,PT,clusterHigh,-1.1130570621352538,0.404596031809056,-1.9060507127688255,-0.32006341150168205,0.32855301725376723,0.148666354892382,0.7261029923327036
by_country,w1gq16,PT,gndrFemale,0.13089000120501917,0.29509182886470064,-0.44747935550185114,0.7092593579118894,1.1398423931261301,0.639237412849697,2.0324853568497123
by_country,w1gq16,PT,age,-0.03350807066753301,0.012856684710263263,-0.05870670966023578,-0.00830943167483024,0.967047106484223,0.9429832964951401,0.9917249962277861
by_country,w1gq16,PT,eisced,-0.16918572606666432,0.0803562546650954,-0.32668109114278,-0.011690360990548682,0.8443520706335613,0.721313739691093,0.9883777057795952
by_country,w1gq16,PT,hinctnta,-0.07518941003005175,0.07994247232904948,-0.23187377663007855,0.08149495656997505,0.9275677790478131,0.7930462179555426,1.0849077459139016
by_country,w1gq16,PT,w1xq3,-0.1391674563697527,0.1292786732405338,-0.39254899989032094,0.11421408715081555,0.8700823154323766,0.6753332542864473,1.1209920891990617
by_country,w1gq16,PT,hincfel,0.3205342244574997,0.20792377746587948,-0.08698889090514489,0.7280573398201442,1.377863656216986,0.9166872791425239,2.071053344276272
by_country,w1gq16,PT,1|2,-5.3057650162657835,1.3276994857543538,-7.908008190636667,-2.7035218418949,0.004962900076515068,3.6778641193789264e-4,0.06696924184799016
by_country,w1gq16,PT,2|3,-2.37508358834531,1.2542810762166168,-4.833429324220017,0.08326214752939709,0.09300671460835812,0.007959179803309744,1.0868266801364959
by_country,w1gq16,PT,3|4,-1.058472194791141,1.2833017717789834,-3.573697448774388,1.4567530591921058,0.3469855318743473,0.028051941077763983,4.29200100614644
by_country,w1gq16,PT,4|5,0.2535893501019968,1.429201609939026,-2.547594332025156,3.054773032229149,1.2886425146816685,0.07826973068436949,21.216369548294818
by_country,w1gq16,SI,clusterMid,-0.542983333038315,0.18399656096169964,-0.9036099658024748,-0.18235670027415535,0.5810123109928291,0.4051046031657119,0.8333040476144368
by_country,w1gq16,SI,clusterHigh,-1.508777689247855,0.2147883167904965,-1.929755054457208,-1.0878003240385021,0.22118016369251828,0.14518375624256608,0.3369568750467847
by_country,w1gq16,SI,gndrFemale,-0.15611547164725684,0.1646921178861286,-0.4789060912416937,0.16667514794718,0.8554604032456464,0.6194606547423244,1.1813704323571839
by_country,w1gq16,SI,age,-0.021898261140005974,0.004609794996577232,-0.03093329330941029,-0.01286322897060166,0.9783397651604785,0.9695402457401391,0.9872191487663111
by_country,w1gq16,SI,eisced,-0.07090458703206978,0.06835987314989746,-0.20488747639359542,0.06307830232945585,0.931550769911213,0.8147389886229521,1.065110236578811
by_country,w1gq16,SI,hinctnta,-0.04822006816037856,0.03920820355793255,-0.12506673503244153,0.028626598711684423,0.9529240557568274,0.8824380110902567,1.0290402777619734
by_country,w1gq16,SI,w1xq3,-0.04256387374620914,0.06927931620904475,-0.17834883838949878,0.09322109089708051,0.9583292514865887,0.836650516758752,1.0977044008922356
by_country,w1gq16,SI,hincfel,-0.021860918316299646,0.164418502451372,-0.34411526151299926,0.30039342488039994,0.978376299812003,0.708847220537611,1.350389980097322
by_country,w1gq16,SI,1|2,-5.525768763782421,0.5970056753307671,-6.695878385996736,-4.355659141568105,0.003982805678154256,0.0012359957159695028,0.012833977387611904
by_country,w1gq16,SI,2|3,-2.7614271028533977,0.5781098776976893,-3.894501642247724,-1.6283525634590714,0.06320150891649123,0.020353515254189346,0.1962526216938939
by_country,w1gq16,SI,3|4,-1.0775872116514607,0.5648470799615454,-2.1846671451487056,0.02949272184578411,0.3404158870536746,0.11251517864512671,1.029931939441126
by_country,w1gq16,SI,4|5,0.1777734746723587,0.5584979316276794,-0.9168623567580061,1.2724093061027235,1.1945546936905878,0.3997714153850109,3.5694420894098697
